Id,Predicted
1,-0.9682966750720038
2,-0.7423140934459668
3,-0.7810098201762804
4,-0.9301505194171962
5,-0.7892528763150032
6,-1.0164575619933691
7,-1.016052914276882
8,-0.8858405918197957
9,-0.6658933009963617
10,-0.9148716107992039
11,-0.9833639347974704
12,-0.8007985690670325
13,-0.6265390076648689
14,-0.9177255280829423
15,-1.0443367205052758
16,-0.9846887104139098
17,-0.9683965395045308
18,-0.8433169845774257
19,-0.7200321873663551
20,-0.5242585301260516
21,-0.976077168570818
22,-0.9526716271062654
23,-0.7347497503142488
24,-0.8884762379588234
25,-0.9242003560560959
26,-0.9967918917968326
27,-0.808947684610549
28,-0.8445022478172437
29,-0.8364439151050623
30,-0.8607308150548825
31,-0.6341739336972034
32,-0.9148716107992039
33,-0.9598040677916188
34,-0.9614100558160138
35,-0.9390093031615712
36,-0.8965034014989719
37,-0.8813177636504255
38,-1.0002489457535335
39,-0.5732430139922944
40,-0.9820125211007479
41,-0.9598040677916188
42,-0.8062256606039977
43,-1.004063855362867
44,-1.0170619108290333
45,-1.0164575619933691
46,-0.9964544490069419
47,-0.6891672761744523
48,-0.8844660533070191
49,-0.18655822123331356
50,-0.9369141645321346
51,-0.9846887104139098
52,-1.0416856912553545
53,-0.8999986564096978
54,-0.719540183692993
55,-1.0214166287610191
56,-0.6730702505954532
57,-0.6341739336972034
58,-0.9559594236488573
59,-0.9598040677916188
60,-0.7606592994293802
61,-1.010725518756312
62,-0.9103667654898343
63,-0.933468447730087
64,-1.01501998003166
65,-0.8746126673290723
66,-0.8000778807932184
67,-0.8478442425790017
68,-0.5126510120368327
69,-1.0204360709341855
70,-0.6792173123165809
71,-1.0105280984978788
72,-0.9719844026301547
73,-0.9132743679774619
74,-0.9103667654898343
75,-0.8472777896844841
76,-0.6710315447207844
77,-0.7502222500976538
78,-0.8445863585592482
79,-1.0059243517688825
80,-0.5740877241526627
81,-0.9590048544099231
82,-0.2606407880946292
83,-0.6712372738822462
84,-1.0270375040076014
85,-0.810324047604352
86,-0.7388176118856963
87,-0.5242585301260516
88,0.17096631442184584
89,-0.7884880175924958
90,-0.9218814028327299
91,-0.8582093030358208
92,-0.7943024048088168
93,-0.4683987609278529
94,-0.9994882964580992
95,-1.033316961138932
96,-0.7840799422954079
97,-0.9620631829930824
98,-1.0079690611766754
99,-0.8901633343268567
100,-0.9005563019163157
101,-1.0045175265951498
102,-0.5843117399419833
103,-0.907773415033656
104,-1.0017321543527318
105,-0.7035558386167957
106,-0.9266639173874559
107,-0.945320042740671
108,-0.7717369269574066
109,-0.8442319413625673
110,-0.591843677106229
111,-1.0060533467744486
112,-0.7576098962508462
113,-0.9285123054159016
114,-1.012745009759033
115,-0.6858894963667223
116,-0.7493495080710124
117,-0.9308808301747338
118,-0.7512585194984487
119,-0.74303107813607
120,-0.6025649890116307
121,-0.7840799422954079
122,-1.0055036063526444
123,-1.0150538389874386
124,-0.97552528163275
125,-0.9614100558160138
126,-0.9081016585684899
127,-0.9296304072627861
128,-0.8511059354457857
129,-0.9218814028327299
130,-0.7795595413591798
131,-0.6658933009963617
132,-0.8177533693695539
133,-0.7675240872316013
134,-0.7510283042821737
135,-0.8421793037393885
136,-0.8086762062488937
137,-0.9773064650388129
138,-1.0289387888825907
139,-0.9003810421250295
140,0.16789059623165148
141,-0.702749054506552
142,-0.8364092869338967
143,-1.0060533467744486
144,-0.2878781150413279
145,-0.6713417648089544
146,-0.8678917325021087
147,-0.9761866175248244
148,-0.9149336485946604
149,-0.702286580494422
150,-0.22547452161631376
151,-0.7013248894191495
152,-0.9283741437333873
153,-0.892079513279445
154,-0.7625007553998167
155,-0.9798980451922787
156,-0.6441789869899408
157,0.23496106015067175
158,-0.9590048544099231
159,-0.9682277337629966
160,-0.9005563019163157
161,-1.02824986636236
162,-0.4871919803222393
163,-0.8495939376724729
164,-0.8032154993164908
165,-0.9026838991559966
166,-0.7623568990625591
167,-0.8810144625729904
168,-0.7882645635995539
169,-0.9293583825521508
170,-1.0087594527824788
171,-0.5741907532403325
172,-1.0072033845399355
173,-0.8111052273528613
174,-0.8367372388862514
175,-0.3346344116739427
176,-0.7618400473969701
177,-0.9313384700948214
178,-0.9313384700948214
179,-0.7448186540905533
180,-0.7840799422954079
181,-0.7381420186665885
182,-0.961791785264259
183,-0.5885153518656929
184,-0.7377060389774114
185,-0.9957131656054268
186,-0.8569334009713986
187,-0.9901328743988027
188,-0.8616173976166368
189,-0.534795894302694
190,-0.8131919219800648
191,-0.8945454829495506
192,-0.509506682889906
193,-0.810324047604352
194,-0.8930939430894872
195,-1.0213485984977877
196,-1.0036228291252107
197,-0.7458795191511826
198,-0.8924491132615562
199,-0.8338352518180606
200,-0.5663151431020952
201,-0.8616425169304046
202,-1.0028005075686157
203,-0.9174161417229055
204,-0.980407406173415
205,-0.9577199632995101
206,-0.915656867206227
207,-0.7435481990930582
208,0.09217624297548677
209,-1.0127135060706673
210,-0.9030705500327542
211,-0.7478131522247611
212,-0.8263327791576619
213,-0.5249153696993616
214,-0.7783104991018308
215,-0.9780584804050124
216,-0.8901633343268567
217,-0.8598373038212948
218,-1.0465513970044178
219,-0.8202800671684147
220,-0.7431126880775658
221,0.0323867702641063
222,-1.0147498820067495
223,-0.7746460744135671
224,-0.8932253829294168
225,-0.7897164807050341
226,-0.9238780173274871
227,-0.7954392932349333
228,-0.777201643160015
229,-0.762814951990135
230,-0.7768400816612366
231,-0.74303107813607
232,-0.9809230782255554
233,-0.8173752664397437
234,-0.8173752664397437
235,-1.0028595452706104
236,-0.983090825727869
237,-0.9665598289222154
238,-0.3039173879303618
239,-0.7147722250752225
240,-0.730427396220034
241,-0.797540580850315
242,-0.8642266946963426
243,-0.700098453342937
244,-0.773561343086433
245,-0.7609345731741448
246,-0.5126510120368327
247,-1.0265892750197643
248,0.19831970841226654
249,-0.6200828989394951
250,-0.9149360804578054
251,-0.8080243447241237
252,-0.9377418247720896
253,-0.7606592994293802
254,-0.5096297743679634
255,-0.9988978427910492
256,-0.7292106756840568
257,-0.6990040401136259
258,-0.8102303862906753
259,-0.8899403781132561
260,-0.9312309651767159
261,-0.8518319459000881
262,-0.9283741437333873
263,-0.5732430139922944
264,-0.775067318214659
265,-0.9839810603112009
266,-0.8090447363731331
267,0.0323867702641063
268,-0.9931538428581722
269,-0.6399902345840468
270,-0.9718941064192512
271,-0.9148716107992039
272,-0.7235331587697375
273,-0.7540673460979423
274,-1.0100022927177599
275,-0.9788272364080058
276,-0.5961702485951605
277,-0.7051041598070622
278,-0.3039173879303618
279,-0.3039173879303618
280,-0.8556902022304408
281,-0.9226761022892854
282,-0.441506236578151
283,-0.7829864891607288
284,-0.6620151800469307
285,-0.9818351224431758
286,-0.8853437099697741
287,-0.8436873506424251
288,-0.7188029235918337
289,-0.7552060735477316
290,-0.7821033354167717
291,-0.22547452161631376
292,-0.9860326954147358
293,-0.767670285495461
294,-0.5509495149630197
295,-0.5159021262990328
296,-0.8182570168850533
297,-0.7090582600839178
298,-0.5598564938871462
299,-0.8224099702488883
300,-0.9906008478381216
301,-0.6063465567197994
302,-0.9464834226740819
303,-0.7837915764037855
304,-0.7747361152373592
305,-0.7870136624023234
306,-0.8703757916617822
307,-0.6710315447207844
308,-0.8616173976166368
309,-0.8018641367280229
310,-0.9465146079051664
311,-0.6692595833160366
312,0.02393345139519576
313,-0.6931189551764312
314,-0.8440864473611636
315,-0.12273153927493874
316,-0.6443224864962256
317,-1.0034052266034932
318,-0.9264434351602073
319,-0.8421793037393885
320,-0.978161517706615
321,-1.028044214040221
322,-0.5632981909302026
323,-1.0100022927177599
324,-0.9109868598977509
325,-0.5577984628225884
326,-0.6395604955724501
327,-0.8927365388513849
328,-0.9997287683075373
329,-0.9965779073847497
330,-0.7253276759604474
331,-0.9732252600326894
332,-0.8569334009713986
333,-0.6389272254912775
334,-0.5399409480101258
335,-0.9004261682730732
336,-0.5939607818129737
337,-0.7783104991018308
338,-0.7290460623637463
339,-0.8263815659989887
340,-0.9999999999999931
341,-0.9982328316480051
342,-0.6003084535701539
343,-0.509506682889906
344,-0.832107827859656
345,-0.945631278676092
346,-0.7428719388860578
347,-0.8930939430894872
348,-0.9217041688973637
349,-0.7050385398803067
350,-0.9385373025359074
351,-0.6236809618292218
352,-1.0028005075686157
353,-0.8375623263639763
354,-1.0081949785611437
355,-0.9727204912799157
356,-1.039578770885604
357,-0.9148996694458339
358,-0.8022669294703771
359,0.0995363999814558
360,-0.916348704378525
361,-0.8175065775650112
362,-0.9185557893662327
363,-1.0002906731990782
364,-0.9685870744111799
365,-1.010878400628803
366,-0.771024793744236
367,-0.7516378337561413
368,-0.9963957834734856
369,-0.981230977773148
370,-0.8073227620127301
371,-0.6074293254924295
372,-0.7478131522247611
373,-1.0283408181678337
374,-0.3215926269357483
375,-1.0662743134210992
376,-0.7067525356345208
377,-0.41087296696924236
378,-1.0445112610839948
379,-1.0196115421434016
380,-0.6397874721443615
381,-0.9915781516260379
382,-0.9304455636659015
383,-0.7965011124820089
384,-0.8098853064107968
385,-0.9167154902974645
386,-0.9773064650388129
387,-0.3549810257614082
388,-0.49150544365031307
389,-0.8833971766546708
390,-1.0087594527824788
391,-0.9945581720917313
392,-0.896634090852562
393,-0.9761866175248244
394,1.000000000000005
395,-0.8523871957628546
396,0.02393345139519576
397,-0.8445156772623197
398,-0.9026540850428093
399,-0.7557776463560734
400,-0.4570084646751153
401,-0.5940089524034664
402,-0.7528462584849962
403,-0.9596744642502077
404,-0.6373197675241422
405,-0.9149360804578054
406,-0.868988293275573
407,-0.7402371358279746
408,-0.9388853198124355
409,-1.0061700493662504
410,-0.6798527138306476
411,-1.001803284063736
412,-1.0019794800976134
413,-0.8326677766593289
414,-1.0015537593989083
415,-0.8877942606178814
416,-0.887954288485348
417,-0.9599151031083151
418,-0.8442281593044882
419,-0.9035865750589459
420,-0.9458845698364098
421,-0.9696451165448351
422,-0.7935077091446543
423,-0.5664778560450534
424,-0.8109461162297125
425,-0.8787897753816336
426,-0.6441789869899408
427,-0.8890096254314677
428,-0.6803147529622808
429,-0.8702731774650299
430,0.14308512120842232
431,-0.8585319901853716
432,-1.0111321617595377
433,-0.9472479770173469
434,-0.8693597461078438
435,-0.7567380589322927
436,-0.5964971459259436
437,-0.9961760119040297
438,-0.7449945618492948
439,-0.9389706000520455
440,0.4595479574814696
441,-1.0015973222538304
442,-0.9335045488574008
443,-0.9887740954016417
444,-1.0042074092086872
445,-0.9704231420546924
446,-0.9560301910654866
447,-0.7188389534134726
448,-0.8794403135504364
449,-0.9713852484050691
450,-0.9119848743894156
451,-0.8023235640501378
452,-0.7464028730061738
453,-0.7870136624023234
454,-0.8861819499079399
455,-0.9550611613376152
456,-0.10801965791036261
457,-0.7373626949027033
458,-0.9931585778905838
459,-0.9009255718105574
460,-0.8440864473611636
461,-0.7935937029178484
462,-0.7819367725821811
463,-0.8408267173073957
464,-0.502541729971255
465,-0.6914580957635481
466,-0.8432033002406375
467,-0.9908204642442197
468,-0.8309188565961212
469,-1.0313542356420151
470,-0.9365689326564719
471,-0.5802809114542211
472,-1.0118527973545974
473,-0.02051537601899589
474,0.573465437266264
475,-1.0093708064698177
476,-0.9320908527141488
477,-0.5480531397582031
478,-0.905009298988036
479,-0.8832354293654509
480,-0.5739965583797859
481,-0.9526385912186697
482,-0.9678565544886427
483,-0.8365322242384305
484,-0.767406719264613
485,-1.039578770885604
486,-0.8433731378669478
487,-1.0015973222538304
488,-0.8758631664036379
489,-0.9845844921520971
490,0.6177331583062964
491,-0.9734019799530724
492,-0.9845496445116846
493,-0.9980684275806436
494,-0.9874937509267707
495,-0.8028581154384163
496,-0.8173963126190595
497,-0.7774398592859154
498,-0.5898038359663055
499,-0.632038309937887
500,-0.9489716966175586
501,-0.8388090232153325
502,-0.8502574175993507
503,-0.6005282884546448
504,-0.8883226340133317
505,-0.5766813306293241
506,-0.915656867206227
507,-0.5897387169295636
508,-0.40140929581186746
509,-0.8131919219800648
510,-0.8318268183795019
511,-0.6466981496277218
512,-0.9789210203521306
513,-0.8715917311875879
514,-0.8816389692392982
515,-0.453500635979358
516,-0.9845877408278518
517,-0.6758596269183204
518,-0.8069165496644765
519,-0.7819206127675452
520,-0.832107827859656
521,-0.7037458497570291
522,-1.0000000000000053
523,-0.2878781150413279
524,-0.826596810048663
525,-0.7750515313414937
526,-0.7396496869785933
527,-1.039578770885604
528,-0.9025741018003056
529,-0.9271436847941235
530,-0.9999999999999983
531,-0.997356882753253
532,-0.9967918917968326
533,-0.48989363699346444
534,-0.8707792900106432
535,-0.9829475153084091
536,-0.7476008029313956
537,-0.8530190860686061
538,-0.7631465602104663
539,-0.8714984286973262
540,-0.6934484572599986
541,-0.7287165495223915
542,-0.784471329413503
543,-0.9418676060218357
544,-0.9999999999999986
545,-0.924373312817659
546,-0.5953865197008923
547,-1.0085901972275444
548,-0.6965050798301738
549,-0.6831008371533638
550,-0.5916272616534274
551,-0.7020546831535255
552,-1.0002906731990782
553,-0.19856486272940932
554,-0.7548634962982067
555,-0.9483890009991145
556,-1.0045175265951498
557,-0.4871919803222393
558,-0.7058035909325866
559,-0.9889310871973849
560,-0.6319698484997747
561,-0.8927365388513849
562,-0.6787293164627775
563,-0.33779962230978555
564,-0.4634854468222564
565,-0.878913137269047
566,-0.6869588099502631
567,-0.5774495044975719
568,-0.9122368202174221
569,-0.997356882753253
570,-0.9558681055924375
571,-0.9980684275806436
572,-0.9999999999999902
573,-0.9312828736261082
574,-0.6803148394003607
575,-0.9039602588148209
576,-0.5939607818129737
577,0.16715277815755392
578,-0.999999999999997
579,-0.3276811575887555
580,-0.8818445952268394
581,-0.20248811382834797
582,-0.7679169236613018
583,0.3789652450050802
584,-0.9777606187586071
585,-0.7020546831535255
586,0.40429507632501727
587,-0.6319698484997747
588,-0.964825124185577
589,-0.9999999999999879
590,-1.0192383157049758
591,-0.8433440089942885
592,-0.8067011243320671
593,-0.9779525227006775
594,-0.8548322872888798
595,-0.48217989788738913
596,-0.18270624202237273
597,-0.8626146846779308
598,-0.9587628500196548
599,-0.8084576974772506
600,-1.0117617752880617
601,0.011196650329829971
602,-0.17826898573694228
603,-0.772543106927285
604,-0.9999999999999929
605,-0.6810364123006125
606,-0.19719112105722814
607,-0.7658387979216639
608,-0.7552029518848435
609,-0.727719073556572
610,-1.0349418751457267
611,-0.766539863807495
612,-0.8272947435154193
613,-0.6719128706519086
614,-0.9198361690316047
615,-0.8494991984512217
616,-0.9945870499155948
617,-0.8192266848569222
618,-0.9148996694458339
619,-0.30655817558151044
620,-0.60883797774596
621,-0.8196486283266429
622,-0.49607589491569953
623,-0.8408267173073957
624,-0.9714087962949682
625,-0.9788272364080058
626,-0.9999999999999961
627,-0.7335459424460695
628,-0.454731612770308
629,-1.0084316952589492
630,-0.8375623263639763
631,-0.8318268183795019
632,-0.9999999999999838
633,-0.9980177092085067
634,-0.4476383443978318
635,-0.5259833411386662
636,-1.039578770885604
637,-1.0092878890452817
638,-0.8709148211740171
639,-0.7882199334197406
640,-0.8022669294703771
641,-0.9999999999999992
642,-0.996899023588273
643,-0.9077099103366773
644,-0.9883606158333287
645,-1.032594636272084
646,-0.8630450493899272
647,0.18836292542638544
648,-0.9999999999999918
649,-0.9732252600326894
650,-0.9304455636659015
651,-0.7708876694512796
652,-0.6478781785042941
653,-0.6148929806677665
654,-0.9893019994615568
655,-1.0445112610839948
656,-0.9405054277137417
657,-0.9006930332178655
658,-0.43367322148961074
659,-0.6486644634549918
660,-0.9234211313866764
661,-0.9426387811343414
662,-0.8771513774285042
663,0.6850370309916496
664,-0.9999999999999932
665,-0.929579353403405
666,-0.9982439318146784
667,-0.9657765439622359
668,-0.9852256006032427
669,-0.8494698807649956
670,-0.8890475309428008
671,-0.8010247990271113
672,-0.6049320246184269
673,1.0000000000000144
674,-0.9021817734884151
675,-0.8405515114626124
676,-0.9063748373944553
677,-0.5432487694131237
678,-0.9999999999999925
679,-0.8876385068043757
680,-0.5375863670761956
681,-0.9973584769301569
682,-1.0042074092086872
683,-0.5058250225901421
684,-0.8431795034608512
685,-1.0028496907589706
686,-0.7045338076630215
687,-0.738320488884871
688,-0.8112665016656574
689,-0.10801965791036261
690,-0.7722868289116596
691,0.14308512120842232
692,-0.825783736844851
693,-0.6985539361024727
694,-0.3923373885176733
695,-0.905009298988036
696,-0.4980369894208332
697,-0.6987099251424335
698,-0.8236213204858773
699,-0.7168298826405982
700,-0.8393894437737085
701,-0.7635150927437743
702,-0.9076830392615719
703,-0.999999999999994
704,-0.9714369059077708
705,-0.8879599395359253
706,-0.8118993424373585
707,-0.8236976138809909
708,-0.6409358558191413
709,-0.9495659311806582
710,-0.9004261682730732
711,-0.9797791016726385
712,-0.9215068778046045
713,-0.777201643160015
714,-0.7315891923317193
715,-0.5778306417422728
716,-0.8366574288999116
717,-0.77233629766218
718,-0.7299328056468966
719,-0.9529006781365179
720,-0.8436585253510195
721,-0.9052936434103801
722,-0.6860231014545743
723,-0.5459943080162064
724,-0.4648248615839857
725,-0.9999999999999946
726,-0.9558293663229325
727,0.2174288040265029
728,-0.9898063463880825
729,-1.0054036228874368
730,-0.6758596269183204
731,-0.6047543423711006
732,-0.7649900904474587
733,-0.7004993124039942
734,-0.4515778588700573
735,-0.7841651460580465
736,-0.999999999999999
737,-0.9883810256525023
738,-0.8032154993164908
739,-0.9999999999999984
740,-0.9510662284787161
741,-0.7814299590798437
742,-0.9276688029271155
743,-0.5375863670761956
744,-0.785131501345916
745,-0.6002112029338349
746,-0.9973584769301569
747,-0.9695124709105174
748,-0.8500093221847013
749,-0.9735509259539623
750,-0.9112164053006866
751,-0.5153575962036079
752,-0.18270624202237273
753,-1.013210908681264
754,-0.9719983271401864
755,-0.7435276835223759
756,-0.8388090232153325
757,-0.9144553705412434
758,-0.958339013549415
759,-0.7155852491244857
760,-0.6799013888859646
761,-0.9912897467306979
762,-0.9999999999999992
763,-0.8213082072677278
764,-0.7296163607320938
765,-0.9963747055365055
766,-0.8236164053493973
767,-0.6494122411621913
768,-0.85164360083531
769,-0.8512882553151242
770,-0.8342548832416538
771,-0.7342612344221016
772,-0.944808716520659
773,-0.8543068306039328
774,-0.7675240872316013
775,-0.9791479692662608
776,-0.8709058051303278
777,-0.6702580562549876
778,-1.0346438008904495
779,-0.7265931417185144
780,-0.6192003695948207
781,-0.887000024384928
782,-0.9999999999999976
783,-0.4980369894208332
784,-0.4980369894208332
785,-0.554403922306808
786,-0.7449945618492948
787,-0.7843810978435664
788,-0.9999999999999931
789,-0.977522586050357
790,-0.9957131656054268
791,-0.7368961562285617
792,-0.9041085542404472
793,-0.9385373025359074
794,-0.9230345884290222
795,-0.9405538119871493
796,-0.905883350615708
797,-0.9455048919475857
798,-0.9913372837932382
799,-0.8487135368103202
800,-0.9876250363211028
801,-0.935347740377168
802,-0.8785677794095986
803,-0.9364987220640544
804,-0.7858052489996509
805,-0.8890997719697801
806,-0.7845797562217796
807,-0.9156896758685603
808,-0.7819367725821811
809,-0.6768141422992556
810,-0.808128362641482
811,-0.9058501612224243
812,-0.8888030490559887
813,-0.5618945746748099
814,-0.9665888665572202
815,0.8100106213738032
816,-1.0002906731990782
817,-1.0000000000000062
818,-0.9752849486810802
819,-0.8921258340974391
820,-0.8024142104265095
821,-0.9999999999999911
822,-0.9883810256525023
823,-0.9999999999999933
824,-0.5480531397582031
825,-0.7877166290083837
826,-0.6719128706519086
827,-0.9621621970969737
828,-0.7449945618492948
829,-0.39864197604105833
830,-0.7364742694301615
831,-0.8461596766544353
832,-0.7892155066382915
833,-0.9230345884290222
834,-0.724639714014806
835,-0.8305178725929175
836,-0.48058776780928314
837,-0.49122096951915606
838,-0.7558496385778338
839,-0.999999999999993
840,-0.9985757886952449
841,-0.966895897665965
842,-0.7020817403644055
843,-0.8098853064107968
844,-0.6282536161243323
845,-0.8558819171162091
846,-0.7552060735477316
847,-1.0423288546035727
848,-0.7271005953281826
849,-0.9003365493314487
850,-0.6958787152260654
851,-0.8963591882250465
852,-0.8736876170816735
853,-0.8089223085310071
854,-0.916348704378525
855,-0.8027263052277962
856,-0.7667523149497001
857,-0.8893003425423412
858,-0.17826898573694228
859,-0.5380912624459508
860,-0.8496962596970505
861,-0.9898962511505716
862,-0.8081893742026336
863,-0.8972115076511217
864,-0.9076981875328882
865,-0.9099952190352488
866,-0.7675240872316013
867,-0.8748910575910105
868,-1.0058123636627563
869,-1.0007481616590117
870,-1.0052274066951303
871,-0.9148550487372114
872,-1.0053180470308871
873,-0.9452102696564795
874,-0.9318502527149174
875,-0.5233170489676632
876,-0.746754180225125
877,-0.8012497646177549
878,-0.8179276181254728
879,-0.9999999999999867
880,-0.8630450493899272
881,-0.9999999999999979
882,-0.6224340590077626
883,-0.2423302722469337
884,-0.7813847093564337
885,-0.9841588302499131
886,-0.8962072379323528
887,-0.9383781114747088
888,-0.9848495369801882
889,-0.8889403860988305
890,-0.9558681055924375
891,-0.9980684275806436
892,-1.012745009759033
893,-0.7523320726549227
894,-1.0027971810398348
895,-0.8045204954020144
896,-1.0015208247751635
897,-1.0203110496454864
898,-0.7206916493785005
899,-0.8108422149819224
900,-0.9587628500196548
901,-1.023325515397107
902,-0.7957480607142429
903,-0.9999999999999962
904,-0.8297829871480817
905,-0.9999999999999961
906,-0.857028834613503
907,-0.9999999999999933
908,-0.6668436299831914
909,-0.6322155509501888
910,-0.9554819112767283
911,-0.9544047646378864
912,-0.8661258687932022
913,-0.7819367725821811
914,-1.0000000000000004
915,-0.5577012066917872
916,-0.8750396991260234
917,-0.7617278780348136
918,-0.44319990496680545
919,1.0000000000000104
920,-1.0026744613405119
921,0.1883901527747227
922,-0.9999999999999838
923,-0.8873078712063982
924,-0.9337421659114943
925,-0.819707633925282
926,-0.9201869083244378
927,-0.9999999999999957
928,-0.5179034343052183
929,-0.6579451549203801
930,-0.6397874721443615
931,-1.0100585166440958
932,-0.6529228371423965
933,-0.7671891577642702
934,-0.6843422119035263
935,-0.9575713568999543
936,-0.913696112082887
937,-0.913696112082887
938,-0.851928303989506
939,-0.8651682847534279
940,-0.8032154993164908
941,-0.3955402123335092
942,-1.0511320157223105
943,-0.5145145291817106
944,-0.7813500629503041
945,-0.613776015535229
946,-0.9332494504624513
947,-0.785131501345916
948,-0.9845496445116846
949,-0.9704231420546924
950,-0.7273613739570033
951,-0.8007985690670325
952,-0.9999999999999988
953,-0.9545455288724458
954,-0.7558496385778338
955,-0.7221901445258294
956,-0.8473365176556678
957,-0.937240606272545
958,-0.7717351579393158
959,-0.24982382700413908
960,-0.8221655772738315
961,-0.9999999999999961
962,-0.5634413019614621
963,-0.6595308983874553
964,-0.30847201003736924
965,-0.6041508537793887
966,-0.9329019220663566
967,-0.6443224864962256
968,-0.9999999999999902
969,0.9573824316795698
970,-0.825783736844851
971,-0.809188292150069
972,-0.950186079947141
973,-0.6615470812410038
974,-1.0137887418953495
975,0.1691606003961501
976,-0.8411436825007019
977,-0.7159263804768684
978,-0.9517690658428695
979,-0.9643968419771515
980,-0.7020716391581391
981,-0.7094551548343715
982,-0.730024548443061
983,-0.7321911288674569
984,-0.9045414854270833
985,-0.5810186078290189
986,-0.5067269389893072
987,-0.6774358875059773
988,-0.6620151800469307
989,-0.9436084880613698
990,-0.9046414120074387
991,-0.931198092148343
992,-0.8890946312794188
993,-0.9303984768860808
994,-0.915656867206227
995,-0.6616292724140551
996,-0.7307432619217128
997,-0.923736939193104
998,-0.8727871856999477
999,-0.8727871856999477
1000,-0.9255402417791843
1001,-0.8740095963474759
1002,-1.0077035782651178
1003,-0.6308052187612738
1004,-0.07072868336218063
1005,-0.2948040054017361
1006,-0.649393440766729
1007,-0.5145127027933841
1008,-1.0118484598877424
1009,-0.9900635233901303
1010,-1.0233841367503305
1011,-0.9999999999999933
1012,-0.6104009265885013
1013,-0.9532227891657379
1014,-0.8592779388274643
1015,-1.0081222500733147
1016,-0.9999999999999887
1017,0.8550274542329983
1018,-0.8500093221847013
1019,-0.7591816730991284
1020,-0.43367322148961074
1021,-0.8417333784494021
1022,-0.6880409445034155
1023,-1.0277431150135714
1024,-0.9999999999999941
1025,-0.9999999999999901
1026,-0.7516626513469508
1027,-0.8953645334247323
1028,0.5979519594881071
1029,-0.22092462760569587
1030,-0.9725837552577389
1031,-1.0052990812971359
1032,-0.9345137647919651
1033,-0.9999999999999939
1034,-0.932351302756067
1035,-0.41215245708082315
1036,-0.4808721066689225
1037,-0.741963295221924
1038,-0.7986040631164809
1039,-1.0007481616590117
1040,-1.006815046433095
1041,-0.5973542512646577
1042,1.0000000000000047
1043,-0.7727991307599128
1044,-0.8234190582107435
1045,-0.9827512863228854
1046,-1.0060039468492663
1047,-0.8493967104654058
1048,-0.7297954609711943
1049,-0.29975422433193255
1050,-1.017523593679732
1051,-0.9261597205606656
1052,-0.9999999999999942
1053,0.4926868737975383
1054,-1.0000000000000009
1055,0.3481340154798138
1056,-0.9234211313866764
1057,-0.8740095963474759
1058,-0.9999999999999936
1059,-0.9946572556256654
1060,0.19972367928988533
1061,-0.9999999999999944
1062,-0.9375796477214717
1063,-0.5223138532067866
1064,-0.9999999999999925
1065,-0.6843422119035263
1066,-0.9999999999999879
1067,-1.0056367779487507
1068,-0.9196355183900183
1069,-0.9006930332178655
1070,-0.7881904605627396
1071,-0.9747808412011532
1072,-1.0000000000000009
1073,-0.9088524370621835
1074,-0.9700274379099328
1075,-0.5574207154651141
1076,-0.8873078712063982
1077,-0.9532308789591497
1078,-0.9156506512229402
1079,-0.9999999999999989
1080,-0.7973819164534734
1081,-0.8392659008864545
1082,-0.9035921229466318
1083,-1.0034419679071551
1084,-0.9965275115238387
1085,-0.6121684741545863
1086,0.13075994922021628
1087,0.13075994922021628
1088,-0.9903410440513771
1089,-0.9864676921211294
1090,-0.4764473879722752
1091,-1.0203110496454864
1092,0.5222005738641615
1093,-0.9999999999999796
1094,0.7111933685936438
1095,-1.0540728140401714
1096,-0.8716351020990817
1097,-1.0211677864707112
1098,-0.9373672719056109
1099,-1.0196115421434016
1100,-1.0330499528265917
1101,-0.9650664003216056
1102,0.756649223270381
1103,0.6120796589306658
1104,-0.76433796654754
1105,-0.9312828736261082
1106,-0.8856894064101339
1107,-0.7954392932349333
1108,-0.9242625235063612
1109,-1.0047081955775847
1110,-0.900577324335695
1111,-0.8933124783274315
1112,-0.666586035734568
1113,-0.7525158730268263
1114,-0.9843382543424146
1115,-0.675728963118152
1116,-1.023162511020132
1117,-0.7908711198035204
1118,-0.6068288840155246
1119,-0.39208521620818115
1120,-0.7864801717081191
1121,-0.7243204078174135
1122,-0.7329213643271274
1123,-0.6371367902504006
1124,-0.9911679896630555
1125,-0.334553888321935
1126,-1.016702402520456
1127,-0.5480531397582031
1128,-0.10574919772300584
1129,-0.9594022392033618
1130,-0.8664353735639113
1131,-0.9755730231394261
1132,-0.9181596201858918
1133,-0.996495692876024
1134,-0.9615992987728579
1135,-0.9999999999999893
1136,-0.8844125166200794
1137,-0.5613620574521193
1138,-0.9785335420750442
1139,-0.9993779627760034
1140,-0.5499441602646118
1141,-0.7660649545178748
1142,-0.7310306027700723
1143,-0.6760262925257411
1144,-0.7606605261418168
1145,-0.6704173814362336
1146,-0.7353422116228354
1147,-0.9356897824354714
1148,0.07705383482834438
1149,-0.7471311816853623
1150,-0.8353996692983536
1151,-0.8348411412147159
1152,-0.7645233355870705
1153,-0.8657238534894947
1154,-0.8219274888046573
1155,-0.9789210203521306
1156,-0.9445964917240682
1157,-0.8147952292754008
1158,-0.9943035373605035
1159,-0.7188237204428654
1160,-0.7548634962982067
1161,-0.9999999999999922
1162,-0.606002541114984
1163,-0.9373299155691954
1164,-0.7720740463633231
1165,-0.8796229200460566
1166,-0.6880305136176927
1167,-0.9919556573986816
1168,-0.9404028091063448
1169,-0.9902417943357704
1170,-0.8201709319896294
1171,-0.9599812772994385
1172,-0.9999999999999907
1173,-0.9999999999999926
1174,-1.0084101648538404
1175,-0.9574582765267511
1176,-0.9933913796956378
1177,-0.7704413834217464
1178,-0.9999999999999906
1179,-1.0015537593989083
1180,-0.7786812727411865
1181,-0.9385634232674397
1182,-1.0031280290864797
1183,-0.5372803729098141
1184,-0.5499441602646118
1185,-0.9049402121098683
1186,-0.5153575962036079
1187,-0.15224276317374186
1188,-0.906104128010912
1189,-0.7945766207479698
1190,-0.9759949676909037
1191,-0.9945355176365837
1192,-0.9999999999999912
1193,-0.7929555867921947
1194,-0.8785399293643626
1195,-0.14400148849658123
1196,0.6783534009501484
1197,-0.7300998693194514
1198,-0.7435633971545821
1199,-0.7081682533473428
1200,-0.5072061758282398
1201,0.15918731207993742
1202,-0.7810292957824415
1203,-0.9309540370168061
1204,-1.0178701837011743
1205,-0.8543539346917455
1206,-0.6732087968389493
1207,-0.7215887508012411
1208,-0.7271647102378191
1209,-0.7708903350947087
1210,-1.0093708064698177
1211,-1.0012036165185658
1212,-0.9672589352605838
1213,-0.9691996727903556
1214,-0.7705636186106055
1215,-0.9986004348511546
1216,-1.0000000000000042
1217,-0.9621621970969737
1218,-0.9309831333794988
1219,-0.991079091644923
1220,-0.9806362304087378
1221,-0.9999999999999968
1222,-0.9999999999999948
1223,-0.6640414934240719
1224,-0.7704413834217464
1225,-1.0000000000000009
1226,-1.0063163454125068
1227,-0.54702657902835
1228,-0.6760262925257411
1229,-0.8749531219215225
1230,-0.9736131659604265
1231,-0.8183934061584716
1232,-0.9600297482402241
1233,-1.0236020690953538
1234,-0.635294141067341
1235,-0.9842683067489136
1236,-0.9913372837932382
1237,-0.8454121277921065
1238,-0.894273749855432
1239,-0.6993940462020161
1240,-0.7188029235918337
1241,-0.8385074920581888
1242,-0.8718050927816616
1243,-0.8258407350083706
1244,-0.999999999999998
1245,-0.766943840803664
1246,-0.7100467058458033
1247,-0.8296815649124109
1248,-0.9383843907046291
1249,-0.9164907275356072
1250,-0.9809018756320828
1251,-0.33465400436254245
1252,-0.2616365274677921
1253,-0.6838005330665915
1254,1.0000000000000084
1255,-0.999999999999996
1256,-0.13859922749692188
1257,-0.9112568744066699
1258,-1.0025329781354482
1259,-0.9999999999999956
1260,-0.7420438759920132
1261,-0.7080694018897313
1262,-0.4646519103190353
1263,-0.8615793324186842
1264,-1.0273745755572041
1265,-0.9700443413037438
1266,-0.9046440318845733
1267,-0.7816041680539972
1268,-0.9839502726298468
1269,-0.9834467942412682
1270,-0.9999999999999973
1271,-0.9999999999999973
1272,-0.9999999999999973
1273,-0.999999999999999
1274,0.1485432567920668
1275,-0.8428758004388784
1276,-0.9051402538102126
1277,-0.6324205352288945
1278,-0.9999999999999976
1279,-0.9999999999999929
1280,-0.8258731394998055
1281,-0.6395844595267836
1282,-0.9532227891657379
1283,-0.8388781472314594
1284,-0.864915029270618
1285,-0.7335459424460695
1286,-0.7194604654813846
1287,-0.8983303665402427
1288,-0.9965779073847497
1289,-0.8479168063663215
1290,-0.7866560208404967
1291,-0.887347049595196
1292,-0.9409464484554004
1293,-0.9685176624592202
1294,-0.6988051198845282
1295,-0.974316904463444
1296,-0.8669916783575053
1297,-1.0
1298,-1.0018612236917677
1299,-1.023162511020132
1300,0.032239101977983964
1301,-1.004404419035063
1302,-0.7923950929382011
1303,-0.7739059868159874
1304,-1.0000000000000056
1305,1.000000000000011
1306,0.033749424174938425
1307,-1.0144552215484524
1308,-0.8898231404805539
1309,-0.8882014471487032
1310,-0.7215781732591549
1311,-0.8740825845490842
1312,-0.8093098502903695
1313,-0.9999999999999911
1314,-0.8282885658270307
1315,-0.9158511706094706
1316,-0.8435368553529222
1317,-0.9272190856063213
1318,-0.9999999999999899
1319,-0.956409307308118
1320,0.5134079277376429
1321,-0.7583775885740498
1322,-0.9999999999999991
1323,-0.9999999999999923
1324,0.02393345139519576
1325,-0.9101959145415246
1326,-1.0028443412122745
1327,-0.9999999999999958
1328,-0.9842762858622558
1329,-0.9749022747548802
1330,-0.8750396991260234
1331,-0.7158485087672587
1332,-1.0000000000000009
1333,-0.8531741250854226
1334,-0.9111441234143789
1335,-0.9851582611894161
1336,-0.897902500121642
1337,-0.9302033605400062
1338,-0.9999999999999972
1339,-0.9148637913121161
1340,-0.7494393010979675
1341,-0.880053846580185
1342,-0.7981864553987176
1343,0.26790092539107935
1344,-0.7985703697377297
1345,-0.8423348491580808
1346,-0.9681450111283771
1347,-0.7674946001594422
1348,-1.0029191442897258
1349,-0.9999999999999944
1350,-0.9636584928998155
1351,0.3482603302165679
1352,-0.9860613452242072
1353,-0.5508549307013744
1354,-0.5908177148244945
1355,-0.9369910696407759
1356,-1.01333929716883
1357,-0.7225655375977127
1358,-0.913696112082887
1359,-0.9251765266311968
1360,-1.0181803779407395
1361,-0.6188642596973404
1362,-0.9039460000860502
1363,-0.59488757302421
1364,-0.8142744739084171
1365,-1.0000000000000004
1366,-0.9532227891657379
1367,-0.815350179227124
1368,-0.677149650864522
1369,-0.7834770340537732
1370,-0.720371638758462
1371,-0.9347194647786355
1372,-0.8813382011612317
1373,-0.9999999999999907
1374,-0.7758326003151659
1375,-0.9290630470739161
1376,-0.7980276105200694
1377,-1.0254491383426914
1378,-0.771024793744236
1379,-0.8775426744874344
1380,-0.9575649445538175
1381,-0.9563597615849185
1382,-0.923144955611055
1383,-0.7737226316065358
1384,-0.7046998165836555
1385,-0.8473162903789335
1386,-0.9706856222714526
1387,-0.9403198538133241
1388,-0.9957131656054268
1389,0.7717093474260173
1390,-0.7356585228063159
1391,-0.8271966871696768
1392,0.7895569318701405
1393,-0.913378513284859
1394,-0.3849762066330157
1395,-0.9667237133372326
1396,-0.5018381506585523
1397,-0.9950416006046617
1398,-0.7200069769684982
1399,-0.9379773274823678
1400,-0.8365294033047579
1401,-0.9611244977505304
1402,-0.9147255168107045
1403,-0.00327691600909652
1404,-0.7568250958361737
1405,-0.9685462970911674
1406,-0.9999999999999957
1407,-0.9999999999999925
1408,-0.8224099702488883
1409,-0.7812422583483403
1410,-0.9395488292713434
1411,-0.9999999999999957
1412,-0.7200375952686283
1413,-0.9999999999999929
1414,-0.4343996797730824
1415,-0.6426230568900391
1416,-0.6774878245561529
1417,-0.7536447750284738
1418,-0.999999999999994
1419,-0.8481844724890015
1420,-0.7406245261890662
1421,-0.7443052666235812
1422,-0.8367784596477105
1423,-0.9999999999999969
1424,-0.9528316556535168
1425,-0.5968237743284555
1426,-0.8027747967301401
1427,-1.0008010424225549
1428,-0.9374010795267975
1429,-0.9776020591439756
1430,-0.966895897665965
1431,-0.9611720911718126
1432,-0.9750931099996047
1433,-1.0218791881227793
1434,-0.7955097580866514
1435,-0.919498830973551
1436,-0.24982382700413908
1437,-0.30655817558151044
1438,-0.7800496960459755
1439,-0.8434073289177748
1440,-0.864025491655735
1441,-0.9547460031638546
1442,-0.9753703637249992
1443,-0.8207524969583447
1444,-0.9251382424729387
1445,-0.8508176723597245
1446,-0.8681946570051795
1447,-0.9529248433195053
1448,-0.8396813301589705
1449,-0.7678091214974828
1450,-0.8769593767916123
1451,-0.8624085344169911
1452,-0.9367826696317896
1453,-0.9041379621195066
1454,-0.8253125158618301
1455,-0.644729881086938
1456,-0.9406697854423951
1457,-0.830419149571071
1458,-0.9902048931211109
1459,-0.9989256547059162
1460,-1.000000000000003
1461,-0.999999999999996
1462,-0.8774076526877644
1463,-0.6610116517178417
1464,-0.9311905390518729
1465,-0.40953618871763364
1466,-0.624515350045962
1467,-0.9077564949026784
1468,-0.922331702580429
1469,-0.8086691778049091
1470,-0.7341478885248532
1471,-0.7338796987824481
1472,-0.8284344884112205
1473,-0.837450291250511
1474,-0.7428504561549631
1475,-0.9079735537084526
1476,-0.8059364666623323
1477,-0.9204341573600227
1478,-0.6660571460093994
1479,-0.8766062619104688
1480,-0.9469899101834228
1481,-0.9999999999999951
1482,-0.9428541797542276
1483,-0.8461024422223535
1484,-0.957974341472745
1485,-0.9999999999999956
1486,-0.9193454852857189
1487,-0.9122471670123425
1488,-0.8753228977798834
1489,-0.8667715558753365
1490,-0.24216905045650006
1491,-0.8094356024428663
1492,-0.9999999999999951
1493,-0.837978078280921
1494,-0.9967321063691177
1495,-0.9222107896865253
1496,-0.7778167834033852
1497,-0.7450869199606669
1498,-0.9975057699045766
1499,-0.9741368755490304
1500,-0.8334866214232863
1501,-0.9909755731209742
1502,-0.8070094629896896
1503,-0.8315679721530036
1504,-0.9266804096252843
1505,-1.0253997267030952
1506,-0.9999999999999957
1507,-0.9572525049514353
1508,-0.84769208817779
1509,-0.8912395935151136
1510,-0.9523905836733247
1511,-0.4710372124467292
1512,-1.0100585166440958
1513,-0.7953299481412273
1514,-0.9999999999999921
1515,-0.9999999999999962
1516,-0.02051537601899589
1517,-0.9999999999999989
1518,-0.9470328976097286
1519,0.26898288481345034
1520,-0.9999999999999922
1521,-0.999999999999996
1522,-0.9999999999999973
1523,-0.7450436569272101
1524,-0.8967099964542282
1525,-0.8487816658999954
1526,-0.8528721426860483
1527,-0.9999999999999943
1528,-0.7499113915804514
1529,-0.8579667952251404
1530,-0.6779839373927129
1531,-1.012013362386106
1532,-0.8793074689104325
1533,-0.8868212447234884
1534,-0.964825124185577
1535,-0.9999999999999812
1536,-0.9650122640641136
1537,-0.8115262715965105
1538,-0.4295307397901943
1539,-0.6787293164627775
1540,-0.9999999999999953
1541,-0.6007882880882567
1542,-0.771356874913846
1543,-0.8630450493899272
1544,-0.8772481929018895
1545,-0.8236213204858773
1546,-0.8116257118937394
1547,-0.6231261013940674
1548,-0.971411794667838
1549,-0.9006727607451648
1550,-0.5730486031447758
1551,-0.8946168506195243
1552,-0.9258234363006033
1553,-0.9667941696997119
1554,-0.8656810540531711
1555,-0.6440851768732732
1556,-0.8911386054539484
1557,-0.996801699029756
1558,-0.9999999999999976
1559,-0.6964399457662441
1560,-0.9960071373306685
1561,-0.8374549902927424
1562,-0.9298101332842325
1563,-0.613776015535229
1564,-0.9194548771205856
1565,-0.7285941481856766
1566,-0.8981388406786368
1567,0.1311738829414386
1568,-0.8470419281882317
1569,-0.7814220321090325
1570,-0.7283789481805922
1571,-0.6800110868005331
1572,-0.418410404402168
1573,-0.9153547950282602
1574,-0.9445752033224022
1575,-1.0000000000000002
1576,-0.9999999999999946
1577,-0.9999999999999937
1578,-0.9977237566035781
1579,-1.0168333979556357
1580,-0.5067269389893072
1581,-0.6106077789980437
1582,-0.913378513284859
1583,-1.0333789647825389
1584,-0.899178351898676
1585,-0.983012063601649
1586,-1.0357531227179722
1587,-0.9999999999999954
1588,-0.925904316385564
1589,-0.828311579903541
1590,-0.9999999999999926
1591,-0.999999999999994
1592,-0.9555395434719224
1593,-0.9049399715985585
1594,0.5662140506101621
1595,-0.8539426694040698
1596,-0.721775860711971
1597,-0.999999999999994
1598,-0.9591855518638877
1599,-0.9721647783684088
1600,-0.9592535271818587
1601,-0.7424045865213201
1602,-0.9066950398803275
1603,-0.9226461980078047
1604,-0.966859274662184
1605,-0.9256494571519944
1606,-0.9699292313761779
1607,-0.9999999999999941
1608,-0.9999999999999859
1609,-0.8116957191808503
1610,-0.8444580432445123
1611,-0.8672165687220788
1612,-0.7469537027742273
1613,-0.8011156561505107
1614,-0.815550114416047
1615,-0.960082972160071
1616,-0.8270670282750497
1617,-0.9827005662004373
1618,-0.6020947725375482
1619,-0.822515306731659
1620,-0.8305906789642635
1621,-0.948664785651918
1622,-0.9046746591486575
1623,-0.8213790596827361
1624,-0.9944603964378625
1625,-0.7516738019286968
1626,-0.999999999999996
1627,-0.9999999999999885
1628,-0.8493606669218935
1629,-0.9999999999999978
1630,-0.8086691778049091
1631,-0.9999999999999989
1632,-0.8318654138400557
1633,-0.9999999999999947
1634,-0.9795800945084918
1635,-1.0052204022664188
1636,-0.8323340852721753
1637,-0.8554510886651399
1638,-0.9489400167836671
1639,-0.9041807465705164
1640,-0.9737959056620614
1641,-0.8336673628906812
1642,-0.9158284619808429
1643,-0.9999999999999981
1644,-0.826852250340051
1645,-0.9156896758685603
1646,-0.9313685091362419
1647,-0.7261993772274155
1648,-0.7498883558487173
1649,-0.5016276647896791
1650,-0.9999999999999959
1651,-0.5899589352692709
1652,-0.7050095325825535
1653,-0.9725581636989364
1654,-0.9999999999999949
1655,-0.8924729810766161
1656,-0.7911320728134488
1657,-0.7617278780348136
1658,-0.816231936165225
1659,-0.9999999999999944
1660,-0.9145896476756692
1661,-0.9999999999999826
1662,-0.9999999999999956
1663,-0.07591104789372405
1664,-0.9102991847316676
1665,-0.7433653026383842
1666,-0.9309088122527671
1667,-0.9999999999999911
1668,-0.999999999999995
1669,-0.9999999999999934
1670,-0.9983470795713989
1671,-1.0042874995640292
1672,-1.0090726090464848
1673,-1.0254533055369834
1674,-0.7938123969225489
1675,-0.9999999999999957
1676,-0.8685202278830575
1677,-1.0657141155926613
1678,-1.0000000000000009
1679,-0.9999999999999937
1680,-0.9673183901654359
1681,-1.0292373282003688
1682,-0.9823162289240305
1683,-0.9113467467551742
1684,-0.9999999999999957
1685,-0.9221500645725619
1686,-0.9999999999999969
1687,-0.9344352359233608
1688,-0.3535969661241454
1689,-0.8845104004648262
1690,-1.019962119211189
1691,-0.8315679721530036
1692,0.6111481416256157
1693,-0.8751239507301923
1694,-0.7918017528425972
1695,-0.8907610841819094
1696,-0.7979690887379512
1697,-0.8839043969653865
1698,-0.9808781332558942
1699,-0.9246106634818265
1700,-0.9999999999999946
1701,-0.6609922186195676
1702,-0.7948484161949987
1703,-0.9999999999999956
1704,-0.5953363645024683
1705,-0.944717408884279
1706,-0.5429097457329211
1707,-0.9413307261990501
1708,-0.9619427353353543
1709,-0.8779413318242894
1710,-0.5629811965944687
1711,-0.789144619740586
1712,-0.9999999999999992
1713,-0.7799152080176917
1714,-1.0139777601007507
1715,-0.8397027500153307
1716,-0.9972589692100189
1717,-0.9692749106617145
1718,-0.6998687968392507
1719,-0.9879882316943653
1720,-0.751403611494401
1721,-0.9999999999999866
1722,-0.9999999999999872
1723,-1.0000000000000033
1724,-0.9388968606423537
1725,-0.8867600370689894
1726,-0.8636418803288248
1727,-0.9859504777038665
1728,-0.8289480333094121
1729,-1.0108377101049137
1730,-1.031556793824309
1731,-0.9109099673471439
1732,-1.0104566439519589
1733,-1.0314877648038936
1734,-0.9302465672359881
1735,-0.8113404927223888
1736,-1.0332673408161854
1737,-0.9999999999999918
1738,-0.9366196036937162
1739,-0.8949899097654513
1740,-1.0000000000000002
1741,-1.0000000000000042
1742,-0.8894710341685711
1743,-0.10574919772300584
1744,-0.11952225514414827
1745,-0.4074058157717355
1746,-0.9999999999999909
1747,-0.8429184560669758
1748,-0.9999999999999958
1749,-0.8844447153754622
1750,-0.815350179227124
1751,-1.0036594416228395
1752,-0.8917275740019113
1753,-0.3880536418544289
1754,-0.9990568003936022
1755,-0.9963675744119196
1756,-0.999999999999993
1757,-0.4789967426662254
1758,-1.003528230985389
1759,-1.0087594527824788
1760,-1.0426700743929844
1761,-0.7253023685044121
1762,-0.6620151800469307
1763,-0.30655817558151044
1764,-0.9999999999999908
1765,0.6442203762770746
1766,-1.0000000000000053
1767,0.5642624833912184
1768,-0.8074074750580346
1769,-0.7102958939419044
1770,-0.9345137647919651
1771,-0.944808716520659
1772,-0.5072061758282398
1773,-0.44406163568698703
1774,-0.9963536633484824
1775,0.2356113680323375
1776,-0.8820279953214339
1777,-0.9999999999999976
1778,-1.0012036165185658
1779,-0.9855309004928452
1780,-0.6957956718693665
1781,-0.8894710341685711
1782,-0.8509067396996493
1783,-0.9999999999999931
1784,0.3980467254204585
1785,-0.4416790093036258
1786,-0.9078858212496991
1787,-0.7594763281804665
1788,-0.9143645577725932
1789,-0.9553371434259295
1790,-0.9999999999999946
1791,-0.9356179340292801
1792,-0.9554159608650676
1793,-0.9999999999999953
1794,-0.9999999999999929
1795,-0.931198092148343
1796,-0.8635587321201295
1797,-0.7310103877480987
1798,-0.9999999999999992
1799,0.011196650329829971
1800,-0.23258762384598097
1801,-0.9014922884050078
1802,-0.808128362641482
1803,-0.7458556699567497
1804,-0.1277165684178766
1805,0.10264225609920419
1806,-1.0107468416944023
1807,-1.006815046433095
1808,-1.031552113703241
1809,-0.9999999999999931
1810,-0.8779413318242894
1811,-0.4618084332994452
1812,-0.8159265251068629
1813,-0.5756013916302434
1814,-0.9999999999999971
1815,-1.007758922391557
1816,-0.9999999999999863
1817,-1.0196115421434016
1818,-0.999999999999995
1819,-0.9729481188494185
1820,0.6351576799359258
1821,-0.8139673731560987
1822,-0.29975422433193255
1823,-0.533544045505905
1824,-1.0000000000000018
1825,-0.48989363699346444
1826,-0.48989363699346444
1827,-0.9858749301156929
1828,-0.9965085895161624
1829,0.07927370288365998
1830,-0.5975569867626873
1831,-0.9039205647502678
1832,1.0000000000000087
1833,-0.7516738019286968
1834,-0.9174118146137288
1835,-0.9238780173274871
1836,-0.9999999999999976
1837,-0.5525334086849263
1838,-0.9999999999999949
1839,-0.21196348636267615
1840,-0.6825149954931269
1841,-0.9088524370621835
1842,-0.8120022274000661
1843,-0.9885917707989473
1844,-0.8665373759899317
1845,-0.9999999999999987
1846,-0.8158292476246335
1847,-0.6615470812410038
1848,-0.7314780864079578
1849,-1.040425613266495
1850,-1.0008196131325557
1851,-0.5259833411386662
1852,-0.947584554660225
1853,-1.0053180470308871
1854,-1.032594636272084
1855,-0.8792864757359536
1856,0.22879301042970912
1857,-0.6746682180164008
1858,-0.9871667004839862
1859,-0.952890347156025
1860,-0.891589577002242
1861,-0.9686063065571833
1862,-0.5227812541273871
1863,-0.815236245035388
1864,-0.999999999999994
1865,-0.015961730964585863
1866,-0.8396813301589705
1867,-0.9999999999999911
1868,-0.7513334980126543
1869,-0.9999999999999958
1870,0.5055537283101292
1871,-0.9999999999999948
1872,-0.3777696850247477
1873,-0.6901375067779933
1874,-1.0019219322284887
1875,-0.9999999999999954
1876,-0.5937732636973272
1877,-0.7524846381565253
1878,-0.8749790698056699
1879,-0.8176701612173789
1880,-0.999999999999994
1881,-0.927197137126354
1882,-0.9951316222665644
1883,-0.7562718757797223
1884,-1.00960796212891
1885,-0.8692323251943868
1886,-0.6241732681673606
1887,-0.996778168752573
1888,-0.9828591362041692
1889,-1.0008190433793747
1890,-0.9999999999999905
1891,-1.0195135333165395
1892,-0.788447508731927
1893,-0.9999999999999921
1894,-0.8096726944107343
1895,-1.0488343403585523
1896,-0.9999999999999942
1897,0.693717164164279
1898,-1.0348858438665807
1899,-0.5975569867626873
1900,-0.3145308680419614
1901,-1.0200537302454666
1902,-0.5665935594466778
1903,-0.7957480607142429
1904,-0.22186530927056836
1905,-0.44466731269555515
1906,-0.9999999999999796
1907,-0.920058945090161
1908,-0.6308052187612738
1909,-0.999999999999989
1910,0.9557538794105671
1911,-0.9999999999999942
1912,0.7939823392455148
1913,1.0000000000000115
1914,-0.9999999999999987
1915,-0.8570573254770729
1916,-0.8749790698056699
1917,-0.7488367491772686
1918,-0.7268078794232005
1919,-0.4618084332994452
1920,-0.9999999999999909
1921,-1.0278881632930068
1922,-1.0004519791315962
1923,-0.8477438223225161
1924,-0.9271845454669594
1925,-0.9999999999999906
1926,-0.9999999999999878
1927,-0.9999999999999954
1928,-0.8447320296903981
1929,-0.9999999999999913
1930,-0.9586597050011769
1931,-0.9999999999999987
1932,-1.0816127853626658
1933,-1.0038413700097015
1934,-0.9999999999999962
1935,-0.15026070599438668
1936,1.0000000000000138
1937,-0.9999999999999951
1938,-0.9341903399580183
1939,-0.9999999999999953
1940,-0.9999999999999983
1941,-0.32788406292272754
1942,-0.7048673971189772
1943,-1.0427176899199857
1944,-1.0420725001669786
1945,-1.000000000000004
1946,-0.9999999999999936
1947,-0.9999999999999963
1948,-0.8033417461577386
1949,-0.9999999999999942
1950,-0.8788413267887156
1951,-0.9999999999999928
1952,-0.1276746591333514
1953,-0.9999999999999938
1954,-0.9996940834432227
1955,-1.0474634151066473
1956,-0.9999999999999943
1957,-0.9999999999999948
1958,-0.9999999999999991
1959,-1.014565694905285
1960,-1.0646281372709228
1961,-1.0426440466765194
1962,-0.9999999999999912
1963,-0.9446000760417088
1964,-0.8457547761616517
1965,-0.9999999999999933
1966,-0.9999999999999912
1967,-0.8659151852543485
1968,-0.9999999999999926
1969,-1.0181776472082875
1970,-0.9659455408748056
1971,-0.9924896400479977
1972,-1.022096935732169
1973,-0.9352230681522875
1974,-0.7865020898087164
1975,-1.024171159704713
1976,-1.0151900058257117
1977,-0.9672094553607538
1978,-0.5752130523828773
1979,-1.047965086024951
1980,-0.7520079856317101
1981,-0.9863398602149266
1982,-0.9810267448024816
1983,-0.8442281593044882
1984,-0.914236133724852
1985,-0.9921987609120633
1986,-0.44146304249781115
1987,0.21515333411919002
1988,-0.8090599863673098
1989,-0.04718877556390011
1990,-0.9404028091063448
1991,-0.666586035734568
1992,-0.9025798477780039
1993,-0.8783392522433084
1994,-0.9963957834734856
1995,-0.9751830651498153
1996,-0.9692478595211749
1997,-0.6880409445034155
1998,-0.956473018842406
1999,-0.33685270755649854
2000,-0.9991327750043519
